kind,line,event,offset,value
preroll,-38,out1,0131,00
preroll,-38,out2,0134,20
preroll,-38,out3,0137,10
preroll,-37,out1,0173,00
preroll,-37,out2,0176,20
preroll,-37,out3,0179,10
preroll,-36,out1,01B5,00
preroll,-36,out2,01B8,20
preroll,-36,out3,01BB,10
preroll,-35,out1,01F7,00
preroll,-35,out2,01FA,20
preroll,-35,out3,01FD,10
preroll,-34,out1,0239,00
preroll,-34,out2,023C,20
preroll,-34,out3,023F,10
preroll,-33,out1,027B,00
preroll,-33,out2,027E,20
preroll,-33,out3,0281,10
preroll,-32,out1,02BD,00
preroll,-32,out2,02C0,20
preroll,-32,out3,02C3,10
preroll,-31,out1,02FF,00
preroll,-31,out2,0302,20
preroll,-31,out3,0305,10
preroll,-30,out1,0341,00
preroll,-30,out2,0344,20
preroll,-30,out3,0347,10
preroll,-29,out1,0383,00
preroll,-29,out2,0386,20
preroll,-29,out3,0389,10
preroll,-28,out1,03C5,00
preroll,-28,out2,03C8,20
preroll,-28,out3,03CB,10
preroll,-27,out1,0407,00
preroll,-27,out2,040A,20
preroll,-27,out3,040D,10
preroll,-26,out1,0449,00
preroll,-26,out2,044C,20
preroll,-26,out3,044F,10
preroll,-25,out1,048B,00
preroll,-25,out2,048E,20
preroll,-25,out3,0491,10
preroll,-24,out1,04CD,00
preroll,-24,out2,04D0,20
preroll,-24,out3,04D3,10
preroll,-23,out1,050F,00
preroll,-23,out2,0512,20
preroll,-23,out3,0515,10
preroll,-22,out1,0551,00
preroll,-22,out2,0554,20
preroll,-22,out3,0557,10
preroll,-21,out1,0593,00
preroll,-21,out2,0596,20
preroll,-21,out3,0599,10
preroll,-20,out1,05D5,00
preroll,-20,out2,05D8,20
preroll,-20,out3,05DB,10
preroll,-19,out1,0617,00
preroll,-19,out2,061A,20
preroll,-19,out3,061D,10
preroll,-18,out1,0659,00
preroll,-18,out2,065C,20
preroll,-18,out3,065F,10
preroll,-17,out1,069B,00
preroll,-17,out2,069E,20
preroll,-17,out3,06A1,10
preroll,-16,out1,06DD,00
preroll,-16,out2,06E0,20
preroll,-16,out3,06E3,10
preroll,-15,out1,071F,00
preroll,-15,out2,0722,20
preroll,-15,out3,0725,10
preroll,-14,out1,0761,00
preroll,-14,out2,0764,20
preroll,-14,out3,0767,10
preroll,-13,out1,07A3,00
preroll,-13,out2,07A6,20
preroll,-13,out3,07A9,10
preroll,-12,out1,07E5,00
preroll,-12,out2,07E8,20
preroll,-12,out3,07EB,10
preroll,-11,out1,0827,00
preroll,-11,out2,082A,20
preroll,-11,out3,082D,10
preroll,-10,out1,0869,00
preroll,-10,out2,086C,20
preroll,-10,out3,086F,10
preroll,-9,out1,08AB,00
preroll,-9,out2,08AE,20
preroll,-9,out3,08B1,10
preroll,-8,out1,08ED,00
preroll,-8,out2,08F0,20
preroll,-8,out3,08F3,10
preroll,-7,out1,092F,00
preroll,-7,out2,0932,20
preroll,-7,out3,0935,10
preroll,-6,out1,0971,00
preroll,-6,out2,0974,20
preroll,-6,out3,0977,10
preroll,-5,out1,09B3,00
preroll,-5,out2,09B6,20
preroll,-5,out3,09B9,10
preroll,-4,out1,09F5,00
preroll,-4,out2,09F8,20
preroll,-4,out3,09FB,10
preroll,-3,out1,0A37,00
preroll,-3,out2,0A3A,20
preroll,-3,out3,0A3D,10
preroll,-2,out1,0A79,00
preroll,-2,out2,0A7C,20
preroll,-2,out3,0A7F,10
preroll,-1,out1,0ABB,00
preroll,-1,out2,0ABE,20
preroll,-1,out3,0AC1,10
visible,0,out1,0AFD,00
visible,0,out2,0B00,20
visible,0,out3,0B03,10
visible,1,out1,0B3F,00
visible,1,out2,0B42,20
visible,1,out3,0B45,10
visible,2,out1,0B81,00
visible,2,out2,0B84,20
visible,2,out3,0B87,10
visible,3,out1,0BC3,00
visible,3,out2,0BC6,20
visible,3,out3,0BC9,10
visible,4,out1,0C05,00
visible,4,out2,0C08,20
visible,4,out3,0C0B,10
visible,5,out1,0C47,00
visible,5,out2,0C4A,20
visible,5,out3,0C4D,10
visible,6,out1,0C89,00
visible,6,out2,0C8C,20
visible,6,out3,0C8F,10
visible,7,out1,0CCB,00
visible,7,out2,0CCE,20
visible,7,out3,0CD1,10
visible,8,out1,0D0D,00
visible,8,out2,0D10,20
visible,8,out3,0D13,10
visible,9,out1,0D4F,00
visible,9,out2,0D52,20
visible,9,out3,0D55,10
visible,10,out1,0D91,00
visible,10,out2,0D94,20
visible,10,out3,0D97,10
visible,11,out1,0DD3,00
visible,11,out2,0DD6,20
visible,11,out3,0DD9,10
visible,12,out1,0E15,00
visible,12,out2,0E18,20
visible,12,out3,0E1B,10
visible,13,out1,0E57,00
visible,13,out2,0E5A,20
visible,13,out3,0E5D,10
visible,14,out1,0E99,00
visible,14,out2,0E9C,20
visible,14,out3,0E9F,10
visible,15,out1,0EDB,00
visible,15,out2,0EDE,20
visible,15,out3,0EE1,10
visible,16,out1,0F1D,00
visible,16,out2,0F20,20
visible,16,out3,0F23,10
visible,17,out1,0F5F,00
visible,17,out2,0F62,20
visible,17,out3,0F65,10
visible,18,out1,0FA1,00
visible,18,out2,0FA4,20
visible,18,out3,0FA7,10
visible,19,out1,0FE3,00
visible,19,out2,0FE6,20
visible,19,out3,0FE9,10
visible,20,out1,1025,00
visible,20,out2,1028,20
visible,20,out3,102B,10
visible,21,out1,1067,00
visible,21,out2,106A,20
visible,21,out3,106D,10
visible,22,out1,10A9,00
visible,22,out2,10AC,20
visible,22,out3,10AF,10
visible,23,out1,10EB,00
visible,23,out2,10EE,20
visible,23,out3,10F1,10
visible,24,out1,112D,00
visible,24,out2,1130,20
visible,24,out3,1133,10
visible,25,out1,116F,00
visible,25,out2,1172,20
visible,25,out3,1175,10
visible,26,out1,11B1,00
visible,26,out2,11B4,20
visible,26,out3,11B7,10
visible,27,out1,11F3,00
visible,27,out2,11F6,20
visible,27,out3,11F9,10
visible,28,out1,1235,00
visible,28,out2,1238,20
visible,28,out3,123B,10
visible,29,out1,1277,00
visible,29,out2,127A,20
visible,29,out3,127D,10
visible,30,out1,12B9,00
visible,30,out2,12BC,20
visible,30,out3,12BF,10
visible,31,out1,12FB,00
visible,31,out2,12FE,20
visible,31,out3,1301,10
visible,32,out1,133D,00
visible,32,out2,1340,20
visible,32,out3,1343,10
visible,33,out1,137F,00
visible,33,out2,1382,20
visible,33,out3,1385,10
visible,34,out1,13C1,00
visible,34,out2,13C4,20
visible,34,out3,13C7,10
visible,35,out1,1403,00
visible,35,out2,1406,20
visible,35,out3,1409,10
visible,36,out1,1445,00
visible,36,out2,1448,20
visible,36,out3,144B,10
visible,37,out1,1487,00
visible,37,out2,148A,20
visible,37,out3,148D,10
visible,38,out1,14C9,00
visible,38,out2,14CC,20
visible,38,out3,14CF,10
visible,39,out1,150B,00
visible,39,out2,150E,20
visible,39,out3,1511,10
visible,40,out1,154D,00
visible,40,out2,1550,20
visible,40,out3,1553,10
visible,41,out1,158F,00
visible,41,out2,1592,20
visible,41,out3,1595,10
visible,42,out1,15D1,00
visible,42,out2,15D4,20
visible,42,out3,15D7,10
visible,43,out1,1613,00
visible,43,out2,1616,20
visible,43,out3,1619,10
visible,44,out1,1655,00
visible,44,out2,1658,20
visible,44,out3,165B,10
visible,45,out1,1697,00
visible,45,out2,169A,20
visible,45,out3,169D,10
visible,46,out1,16D9,00
visible,46,out2,16DC,20
visible,46,out3,16DF,10
visible,47,out1,171B,00
visible,47,out2,171E,20
visible,47,out3,1721,10
visible,48,out1,175D,00
visible,48,out2,1760,20
visible,48,out3,1763,10
visible,49,out1,179F,00
visible,49,out2,17A2,20
visible,49,out3,17A5,10
visible,50,out1,17E1,00
visible,50,out2,17E4,20
visible,50,out3,17E7,10
visible,51,out1,1823,00
visible,51,out2,1826,20
visible,51,out3,1829,10
visible,52,out1,1865,00
visible,52,out2,1868,20
visible,52,out3,186B,10
visible,53,out1,18A7,00
visible,53,out2,18AA,20
visible,53,out3,18AD,10
visible,54,out1,18E9,00
visible,54,out2,18EC,20
visible,54,out3,18EF,10
visible,55,out1,192B,00
visible,55,out2,192E,20
visible,55,out3,1931,10
visible,56,out1,196D,00
visible,56,out2,1970,20
visible,56,out3,1973,10
visible,57,out1,19AF,00
visible,57,out2,19B2,20
visible,57,out3,19B5,10
visible,58,out1,19F1,00
visible,58,out2,19F4,20
visible,58,out3,19F7,10
visible,59,out1,1A33,00
visible,59,out2,1A36,20
visible,59,out3,1A39,10
visible,60,out1,1A75,00
visible,60,out2,1A78,20
visible,60,out3,1A7B,10
visible,61,out1,1AB7,00
visible,61,out2,1ABA,20
visible,61,out3,1ABD,10
visible,62,out1,1AF9,00
visible,62,out2,1AFC,20
visible,62,out3,1AFF,10
visible,63,out1,1B3B,00
visible,63,out2,1B3E,20
visible,63,out3,1B41,10
visible,64,out1,1B7D,00
visible,64,out2,1B80,20
visible,64,out3,1B83,10
visible,65,out1,1BBF,00
visible,65,out2,1BC2,20
visible,65,out3,1BC5,10
visible,66,out1,1C01,00
visible,66,out2,1C04,20
visible,66,out3,1C07,10
visible,67,out1,1C43,00
visible,67,out2,1C46,20
visible,67,out3,1C49,10
visible,68,out1,1C85,00
visible,68,out2,1C88,20
visible,68,out3,1C8B,10
visible,69,out1,1CC7,00
visible,69,out2,1CCA,20
visible,69,out3,1CCD,10
visible,70,out1,1D09,00
visible,70,out2,1D0C,20
visible,70,out3,1D0F,10
visible,71,out1,1D4B,00
visible,71,out2,1D4E,20
visible,71,out3,1D51,10
visible,72,out1,1D8D,00
visible,72,out2,1D90,20
visible,72,out3,1D93,10
visible,73,out1,1DCF,00
visible,73,out2,1DD2,20
visible,73,out3,1DD5,10
visible,74,out1,1E11,00
visible,74,out2,1E14,20
visible,74,out3,1E17,10
visible,75,out1,1E53,00
visible,75,out2,1E56,20
visible,75,out3,1E59,10
visible,76,out1,1E95,00
visible,76,out2,1E98,20
visible,76,out3,1E9B,10
visible,77,out1,1ED7,00
visible,77,out2,1EDA,20
visible,77,out3,1EDD,10
visible,78,out1,1F19,00
visible,78,out2,1F1C,20
visible,78,out3,1F1F,10
visible,79,out1,1F5B,00
visible,79,out2,1F5E,20
visible,79,out3,1F61,10
visible,80,out1,1F9D,00
visible,80,out2,1FA0,20
visible,80,out3,1FA3,10
visible,81,out1,1FDF,00
visible,81,out2,1FE2,20
visible,81,out3,1FE5,10
visible,82,out1,2021,00
visible,82,out2,2024,20
visible,82,out3,2027,10
visible,83,out1,2063,00
visible,83,out2,2066,20
visible,83,out3,2069,10
visible,84,out1,20A5,00
visible,84,out2,20A8,20
visible,84,out3,20AB,10
visible,85,out1,20E7,00
visible,85,out2,20EA,20
visible,85,out3,20ED,10
visible,86,out1,2129,00
visible,86,out2,212C,20
visible,86,out3,212F,10
visible,87,out1,216B,00
visible,87,out2,216E,20
visible,87,out3,2171,10
visible,88,out1,21AD,00
visible,88,out2,21B0,20
visible,88,out3,21B3,10
visible,89,out1,21EF,00
visible,89,out2,21F2,20
visible,89,out3,21F5,10
visible,90,out1,2231,00
visible,90,out2,2234,20
visible,90,out3,2237,10
visible,91,out1,2273,00
visible,91,out2,2276,20
visible,91,out3,2279,10
visible,92,out1,22B5,00
visible,92,out2,22B8,20
visible,92,out3,22BB,10
visible,93,out1,22F7,00
visible,93,out2,22FA,20
visible,93,out3,22FD,10
visible,94,out1,2339,00
visible,94,out2,233C,20
visible,94,out3,233F,10
visible,95,out1,237B,00
visible,95,out2,237E,20
visible,95,out3,2381,10
visible,96,out1,23BD,00
visible,96,out2,23C0,20
visible,96,out3,23C3,10
visible,97,out1,23FF,00
visible,97,out2,2402,20
visible,97,out3,2405,10
visible,98,out1,2441,00
visible,98,out2,2444,20
visible,98,out3,2447,10
visible,99,out1,2483,00
visible,99,out2,2486,20
visible,99,out3,2489,10
visible,100,out1,24C5,00
visible,100,out2,24C8,20
visible,100,out3,24CB,10
visible,101,out1,2507,00
visible,101,out2,250A,20
visible,101,out3,250D,10
visible,102,out1,2549,00
visible,102,out2,254C,20
visible,102,out3,254F,10
visible,103,out1,258B,00
visible,103,out2,258E,20
visible,103,out3,2591,10
visible,104,out1,25CD,00
visible,104,out2,25D0,20
visible,104,out3,25D3,10
visible,105,out1,260F,00
visible,105,out2,2612,20
visible,105,out3,2615,10
visible,106,out1,2651,00
visible,106,out2,2654,20
visible,106,out3,2657,10
visible,107,out1,2693,00
visible,107,out2,2696,20
visible,107,out3,2699,10
visible,108,out1,26D5,00
visible,108,out2,26D8,20
visible,108,out3,26DB,10
visible,109,out1,2717,00
visible,109,out2,271A,20
visible,109,out3,271D,10
visible,110,out1,2759,00
visible,110,out2,275C,20
visible,110,out3,275F,10
visible,111,out1,279B,00
visible,111,out2,279E,20
visible,111,out3,27A1,10
visible,112,out1,27DD,00
visible,112,out2,27E0,20
visible,112,out3,27E3,10
visible,113,out1,281F,00
visible,113,out2,2822,20
visible,113,out3,2825,10
visible,114,out1,2861,00
visible,114,out2,2864,20
visible,114,out3,2867,10
visible,115,out1,28A3,00
visible,115,out2,28A6,20
visible,115,out3,28A9,10
visible,116,out1,28E5,00
visible,116,out2,28E8,20
visible,116,out3,28EB,10
visible,117,out1,2927,00
visible,117,out2,292A,20
visible,117,out3,292D,10
visible,118,out1,2969,00
visible,118,out2,296C,20
visible,118,out3,296F,10
visible,119,out1,29AB,00
visible,119,out2,29AE,20
visible,119,out3,29B1,10
visible,120,out1,29ED,00
visible,120,out2,29F0,20
visible,120,out3,29F3,10
visible,121,out1,2A2F,00
visible,121,out2,2A32,20
visible,121,out3,2A35,10
visible,122,out1,2A71,00
visible,122,out2,2A74,20
visible,122,out3,2A77,10
visible,123,out1,2AB3,00
visible,123,out2,2AB6,20
visible,123,out3,2AB9,10
visible,124,out1,2AF5,00
visible,124,out2,2AF8,20
visible,124,out3,2AFB,10
visible,125,out1,2B37,00
visible,125,out2,2B3A,20
visible,125,out3,2B3D,10
visible,126,out1,2B79,00
visible,126,out2,2B7C,20
visible,126,out3,2B7F,10
visible,127,out1,2BBB,00
visible,127,out2,2BBE,20
visible,127,out3,2BC1,10
visible,128,out1,2BFD,00
visible,128,out2,2C00,20
visible,128,out3,2C03,10
visible,129,out1,2C3F,00
visible,129,out2,2C42,20
visible,129,out3,2C45,10
visible,130,out1,2C81,00
visible,130,out2,2C84,20
visible,130,out3,2C87,10
visible,131,out1,2CC3,00
visible,131,out2,2CC6,20
visible,131,out3,2CC9,10
visible,132,out1,2D05,00
visible,132,out2,2D08,20
visible,132,out3,2D0B,10
visible,133,out1,2D47,00
visible,133,out2,2D4A,20
visible,133,out3,2D4D,10
visible,134,out1,2D89,00
visible,134,out2,2D8C,20
visible,134,out3,2D8F,10
visible,135,out1,2DCB,00
visible,135,out2,2DCE,20
visible,135,out3,2DD1,10
visible,136,out1,2E0D,00
visible,136,out2,2E10,20
visible,136,out3,2E13,10
visible,137,out1,2E4F,00
visible,137,out2,2E52,20
visible,137,out3,2E55,10
visible,138,out1,2E91,00
visible,138,out2,2E94,20
visible,138,out3,2E97,10
visible,139,out1,2ED3,00
visible,139,out2,2ED6,20
visible,139,out3,2ED9,10
visible,140,out1,2F15,00
visible,140,out2,2F18,20
visible,140,out3,2F1B,10
visible,141,out1,2F57,00
visible,141,out2,2F5A,20
visible,141,out3,2F5D,10
visible,142,out1,2F99,00
visible,142,out2,2F9C,20
visible,142,out3,2F9F,10
visible,143,out1,2FDB,00
visible,143,out2,2FDE,20
visible,143,out3,2FE1,10
visible,144,out1,301D,00
visible,144,out2,3020,20
visible,144,out3,3023,10
visible,145,out1,305F,00
visible,145,out2,3062,20
visible,145,out3,3065,10
visible,146,out1,30A1,00
visible,146,out2,30A4,20
visible,146,out3,30A7,10
visible,147,out1,30E3,00
visible,147,out2,30E6,20
visible,147,out3,30E9,10
visible,148,out1,3125,00
visible,148,out2,3128,20
visible,148,out3,312B,10
visible,149,out1,3167,00
visible,149,out2,316A,20
visible,149,out3,316D,10
visible,150,out1,31A9,00
visible,150,out2,31AC,20
visible,150,out3,31AF,10
visible,151,out1,31EB,00
visible,151,out2,31EE,20
visible,151,out3,31F1,10
visible,152,out1,322D,00
visible,152,out2,3230,20
visible,152,out3,3233,10
visible,153,out1,326F,00
visible,153,out2,3272,20
visible,153,out3,3275,10
visible,154,out1,32B1,00
visible,154,out2,32B4,20
visible,154,out3,32B7,10
visible,155,out1,32F3,00
visible,155,out2,32F6,20
visible,155,out3,32F9,10
visible,156,out1,3335,00
visible,156,out2,3338,20
visible,156,out3,333B,10
visible,157,out1,3377,00
visible,157,out2,337A,20
visible,157,out3,337D,10
visible,158,out1,33B9,00
visible,158,out2,33BC,20
visible,158,out3,33BF,10
visible,159,out1,33FB,00
visible,159,out2,33FE,20
visible,159,out3,3401,10
visible,160,out1,343D,00
visible,160,out2,3440,20
visible,160,out3,3443,10
visible,161,out1,347F,00
visible,161,out2,3482,20
visible,161,out3,3485,10
visible,162,out1,34C1,00
visible,162,out2,34C4,20
visible,162,out3,34C7,10
visible,163,out1,3503,00
visible,163,out2,3506,20
visible,163,out3,3509,10
visible,164,out1,3545,00
visible,164,out2,3548,20
visible,164,out3,354B,10
visible,165,out1,3587,00
visible,165,out2,358A,20
visible,165,out3,358D,10
visible,166,out1,35C9,00
visible,166,out2,35CC,20
visible,166,out3,35CF,10
visible,167,out1,360B,00
visible,167,out2,360E,20
visible,167,out3,3611,10
visible,168,out1,364D,00
visible,168,out2,3650,20
visible,168,out3,3653,10
visible,169,out1,368F,00
visible,169,out2,3692,20
visible,169,out3,3695,10
visible,170,out1,36D1,00
visible,170,out2,36D4,20
visible,170,out3,36D7,10
visible,171,out1,3713,00
visible,171,out2,3716,20
visible,171,out3,3719,10
visible,172,out1,3755,00
visible,172,out2,3758,20
visible,172,out3,375B,10
visible,173,out1,3797,00
visible,173,out2,379A,20
visible,173,out3,379D,10
visible,174,out1,37D9,00
visible,174,out2,37DC,20
visible,174,out3,37DF,10
visible,175,out1,381B,00
visible,175,out2,381E,20
visible,175,out3,3821,10
visible,176,out1,385D,00
visible,176,out2,3860,20
visible,176,out3,3863,10
visible,177,out1,389F,00
visible,177,out2,38A2,20
visible,177,out3,38A5,10
visible,178,out1,38E1,00
visible,178,out2,38E4,20
visible,178,out3,38E7,10
visible,179,out1,3923,00
visible,179,out2,3926,20
visible,179,out3,3929,10
visible,180,out1,3965,00
visible,180,out2,3968,20
visible,180,out3,396B,10
visible,181,out1,39A7,00
visible,181,out2,39AA,20
visible,181,out3,39AD,10
visible,182,out1,39E9,00
visible,182,out2,39EC,20
visible,182,out3,39EF,10
visible,183,out1,3A2B,00
visible,183,out2,3A2E,20
visible,183,out3,3A31,10
visible,184,out1,3A6D,00
visible,184,out2,3A70,20
visible,184,out3,3A73,10
visible,185,out1,3AAF,00
visible,185,out2,3AB2,20
visible,185,out3,3AB5,10
visible,186,out1,3AF1,00
visible,186,out2,3AF4,20
visible,186,out3,3AF7,10
visible,187,out1,3B33,00
visible,187,out2,3B36,20
visible,187,out3,3B39,10
visible,188,out1,3B75,00
visible,188,out2,3B78,20
visible,188,out3,3B7B,10
visible,189,out1,3BB7,00
visible,189,out2,3BBA,20
visible,189,out3,3BBD,10
visible,190,out1,3BF9,00
visible,190,out2,3BFC,20
visible,190,out3,3BFF,10
visible,191,out1,3C3B,00
visible,191,out2,3C3E,20
visible,191,out3,3C41,10
visible,192,out1,3C7D,00
visible,192,out2,3C80,20
visible,192,out3,3C83,10
visible,193,out1,3CBF,00
visible,193,out2,3CC2,20
visible,193,out3,3CC5,10
visible,194,out1,3D01,00
visible,194,out2,3D04,20
visible,194,out3,3D07,10
visible,195,out1,3D43,00
visible,195,out2,3D46,20
visible,195,out3,3D49,10
visible,196,out1,3D85,00
visible,196,out2,3D88,20
visible,196,out3,3D8B,10
visible,197,out1,3DC7,00
visible,197,out2,3DCA,20
visible,197,out3,3DCD,10
visible,198,out1,3E09,00
visible,198,out2,3E0C,20
visible,198,out3,3E0F,10
visible,199,out1,3E4B,00
visible,199,out2,3E4E,20
visible,199,out3,3E51,10
