kind,line,event,offset,value
warmup,0,out1,015F,21
warmup,0,out2,0171,21
warmup,1,out1,01A2,21
warmup,1,out2,01B4,21
warmup,2,out1,01E5,21
warmup,2,out2,01F7,21
warmup,3,out1,0228,21
warmup,3,out2,023A,21
warmup,4,out1,026B,21
warmup,4,out2,027D,21
warmup,5,out1,02AE,21
warmup,5,out2,02C0,21
warmup,6,out1,02F1,21
warmup,6,out2,0303,21
warmup,7,out1,0334,21
warmup,7,out2,0346,21
warmup,8,out1,0377,21
warmup,8,out2,0389,21
warmup,9,out1,03BA,21
warmup,9,out2,03CC,21
warmup,10,out1,03FD,21
warmup,10,out2,040F,21
warmup,11,out1,0440,21
warmup,11,out2,0452,21
warmup,12,out1,0483,21
warmup,12,out2,0495,21
warmup,13,out1,04C6,21
warmup,13,out2,04D8,21
warmup,14,out1,0509,21
warmup,14,out2,051B,21
warmup,15,out1,054C,21
warmup,15,out2,055E,21
visible,0,out1,058F,04
visible,0,out2,05A1,21
visible,1,out1,05D2,04
visible,1,out2,05E4,21
visible,2,out1,0615,04
visible,2,out2,0627,21
visible,3,out1,0658,04
visible,3,out2,066A,21
visible,4,out1,069B,04
visible,4,out2,06AD,21
visible,5,out1,06DE,04
visible,5,out2,06F0,21
visible,6,out1,0721,04
visible,6,out2,0733,21
visible,7,out1,0764,04
visible,7,out2,0776,21
visible,8,out1,07A7,04
visible,8,out2,07B9,21
visible,9,out1,07EA,04
visible,9,out2,07FC,21
visible,10,out1,082D,04
visible,10,out2,083F,21
visible,11,out1,0870,04
visible,11,out2,0882,21
visible,12,out1,08B3,04
visible,12,out2,08C5,21
visible,13,out1,08F6,04
visible,13,out2,0908,21
visible,14,out1,0939,04
visible,14,out2,094B,21
visible,15,out1,097C,04
visible,15,out2,098E,21
visible,16,out1,09BF,04
visible,16,out2,09D1,21
visible,17,out1,0A02,04
visible,17,out2,0A14,21
visible,18,out1,0A45,04
visible,18,out2,0A57,21
visible,19,out1,0A88,04
visible,19,out2,0A9A,21
visible,20,out1,0ACB,04
visible,20,out2,0ADD,21
visible,21,out1,0B0E,04
visible,21,out2,0B20,21
visible,22,out1,0B51,04
visible,22,out2,0B63,21
visible,23,out1,0B94,04
visible,23,out2,0BA6,21
visible,24,out1,0BD7,04
visible,24,out2,0BE9,21
visible,25,out1,0C1A,04
visible,25,out2,0C2C,21
visible,26,out1,0C5D,04
visible,26,out2,0C6F,21
visible,27,out1,0CA0,04
visible,27,out2,0CB2,21
visible,28,out1,0CE3,04
visible,28,out2,0CF5,21
visible,29,out1,0D26,04
visible,29,out2,0D38,21
visible,30,out1,0D69,04
visible,30,out2,0D7B,21
visible,31,out1,0DAC,04
visible,31,out2,0DBE,21
visible,32,out1,0DEF,04
visible,32,out2,0E01,21
visible,33,out1,0E32,04
visible,33,out2,0E44,21
visible,34,out1,0E75,04
visible,34,out2,0E87,21
visible,35,out1,0EB8,04
visible,35,out2,0ECA,21
visible,36,out1,0EFB,04
visible,36,out2,0F0D,21
visible,37,out1,0F3E,04
visible,37,out2,0F50,21
visible,38,out1,0F81,04
visible,38,out2,0F93,21
visible,39,out1,0FC4,04
visible,39,out2,0FD6,21
visible,40,out1,1007,04
visible,40,out2,1019,21
visible,41,out1,104A,04
visible,41,out2,105C,21
visible,42,out1,108D,04
visible,42,out2,109F,21
visible,43,out1,10D0,04
visible,43,out2,10E2,21
visible,44,out1,1113,04
visible,44,out2,1125,21
visible,45,out1,1156,04
visible,45,out2,1168,21
visible,46,out1,1199,04
visible,46,out2,11AB,21
visible,47,out1,11DC,04
visible,47,out2,11EE,21
visible,48,out1,121F,04
visible,48,out2,1231,21
visible,49,out1,1262,04
visible,49,out2,1274,21
visible,50,out1,12A5,04
visible,50,out2,12B7,21
visible,51,out1,12E8,04
visible,51,out2,12FA,21
visible,52,out1,132B,04
visible,52,out2,133D,21
visible,53,out1,136E,04
visible,53,out2,1380,21
visible,54,out1,13B1,04
visible,54,out2,13C3,21
visible,55,out1,13F4,04
visible,55,out2,1406,21
visible,56,out1,1437,04
visible,56,out2,1449,21
visible,57,out1,147A,04
visible,57,out2,148C,21
visible,58,out1,14BD,04
visible,58,out2,14CF,21
visible,59,out1,1500,04
visible,59,out2,1512,21
visible,60,out1,1543,04
visible,60,out2,1555,21
visible,61,out1,1586,04
visible,61,out2,1598,21
visible,62,out1,15C9,04
visible,62,out2,15DB,21
visible,63,out1,160C,04
visible,63,out2,161E,21
visible,64,out1,164F,04
visible,64,out2,1661,21
visible,65,out1,1692,04
visible,65,out2,16A4,21
visible,66,out1,16D5,04
visible,66,out2,16E7,21
visible,67,out1,1718,04
visible,67,out2,172A,21
visible,68,out1,175B,04
visible,68,out2,176D,21
visible,69,out1,179E,04
visible,69,out2,17B0,21
visible,70,out1,17E1,04
visible,70,out2,17F3,21
visible,71,out1,1824,04
visible,71,out2,1836,21
visible,72,out1,1867,04
visible,72,out2,1879,21
visible,73,out1,18AA,04
visible,73,out2,18BC,21
visible,74,out1,18ED,04
visible,74,out2,18FF,21
visible,75,out1,1930,04
visible,75,out2,1942,21
visible,76,out1,1973,04
visible,76,out2,1985,21
visible,77,out1,19B6,04
visible,77,out2,19C8,21
visible,78,out1,19F9,04
visible,78,out2,1A0B,21
visible,79,out1,1A3C,04
visible,79,out2,1A4E,21
visible,80,out1,1A7F,04
visible,80,out2,1A91,21
visible,81,out1,1AC2,04
visible,81,out2,1AD4,21
visible,82,out1,1B05,04
visible,82,out2,1B17,21
visible,83,out1,1B48,04
visible,83,out2,1B5A,21
visible,84,out1,1B8B,04
visible,84,out2,1B9D,21
visible,85,out1,1BCE,04
visible,85,out2,1BE0,21
visible,86,out1,1C11,04
visible,86,out2,1C23,21
visible,87,out1,1C54,04
visible,87,out2,1C66,21
visible,88,out1,1C97,04
visible,88,out2,1CA9,21
visible,89,out1,1CDA,04
visible,89,out2,1CEC,21
visible,90,out1,1D1D,04
visible,90,out2,1D2F,21
visible,91,out1,1D60,04
visible,91,out2,1D72,21
visible,92,out1,1DA3,04
visible,92,out2,1DB5,21
visible,93,out1,1DE6,04
visible,93,out2,1DF8,21
visible,94,out1,1E29,04
visible,94,out2,1E3B,21
visible,95,out1,1E6C,04
visible,95,out2,1E7E,21
visible,96,out1,1EAF,04
visible,96,out2,1EC1,21
visible,97,out1,1EF2,04
visible,97,out2,1F04,21
visible,98,out1,1F35,04
visible,98,out2,1F47,21
visible,99,out1,1F78,04
visible,99,out2,1F8A,21
visible,100,out1,1FBB,04
visible,100,out2,1FCD,21
visible,101,out1,1FFE,04
visible,101,out2,2010,21
visible,102,out1,2041,04
visible,102,out2,2053,21
visible,103,out1,2084,04
visible,103,out2,2096,21
visible,104,out1,20C7,04
visible,104,out2,20D9,21
visible,105,out1,210A,04
visible,105,out2,211C,21
visible,106,out1,214D,04
visible,106,out2,215F,21
visible,107,out1,2190,04
visible,107,out2,21A2,21
visible,108,out1,21D3,04
visible,108,out2,21E5,21
visible,109,out1,2216,04
visible,109,out2,2228,21
visible,110,out1,2259,04
visible,110,out2,226B,21
visible,111,out1,229C,04
visible,111,out2,22AE,21
visible,112,out1,22DF,04
visible,112,out2,22F1,21
visible,113,out1,2322,04
visible,113,out2,2334,21
visible,114,out1,2365,04
visible,114,out2,2377,21
visible,115,out1,23A8,04
visible,115,out2,23BA,21
visible,116,out1,23EB,04
visible,116,out2,23FD,21
visible,117,out1,242E,04
visible,117,out2,2440,21
visible,118,out1,2471,04
visible,118,out2,2483,21
visible,119,out1,24B4,04
visible,119,out2,24C6,21
visible,120,out1,24F7,04
visible,120,out2,2509,21
visible,121,out1,253A,04
visible,121,out2,254C,21
visible,122,out1,257D,04
visible,122,out2,258F,21
visible,123,out1,25C0,04
visible,123,out2,25D2,21
visible,124,out1,2603,04
visible,124,out2,2615,21
visible,125,out1,2646,04
visible,125,out2,2658,21
visible,126,out1,2689,04
visible,126,out2,269B,21
visible,127,out1,26CC,04
visible,127,out2,26DE,21
visible,128,out1,270F,04
visible,128,out2,2721,21
visible,129,out1,2752,04
visible,129,out2,2764,21
visible,130,out1,2795,04
visible,130,out2,27A7,21
visible,131,out1,27D8,04
visible,131,out2,27EA,21
visible,132,out1,281B,04
visible,132,out2,282D,21
visible,133,out1,285E,04
visible,133,out2,2870,21
visible,134,out1,28A1,04
visible,134,out2,28B3,21
visible,135,out1,28E4,04
visible,135,out2,28F6,21
visible,136,out1,2927,04
visible,136,out2,2939,21
visible,137,out1,296A,04
visible,137,out2,297C,21
visible,138,out1,29AD,04
visible,138,out2,29BF,21
visible,139,out1,29F0,04
visible,139,out2,2A02,21
visible,140,out1,2A33,04
visible,140,out2,2A45,21
visible,141,out1,2A76,04
visible,141,out2,2A88,21
visible,142,out1,2AB9,04
visible,142,out2,2ACB,21
visible,143,out1,2AFC,04
visible,143,out2,2B0E,21
visible,144,out1,2B3F,04
visible,144,out2,2B51,21
visible,145,out1,2B82,04
visible,145,out2,2B94,21
visible,146,out1,2BC5,04
visible,146,out2,2BD7,21
visible,147,out1,2C08,04
visible,147,out2,2C1A,21
visible,148,out1,2C4B,04
visible,148,out2,2C5D,21
visible,149,out1,2C8E,04
visible,149,out2,2CA0,21
visible,150,out1,2CD1,04
visible,150,out2,2CE3,21
visible,151,out1,2D14,04
visible,151,out2,2D26,21
visible,152,out1,2D57,04
visible,152,out2,2D69,21
visible,153,out1,2D9A,04
visible,153,out2,2DAC,21
visible,154,out1,2DDD,04
visible,154,out2,2DEF,21
visible,155,out1,2E20,04
visible,155,out2,2E32,21
visible,156,out1,2E63,04
visible,156,out2,2E75,21
visible,157,out1,2EA6,04
visible,157,out2,2EB8,21
visible,158,out1,2EE9,04
visible,158,out2,2EFB,21
visible,159,out1,2F2C,04
visible,159,out2,2F3E,21
visible,160,out1,2F6F,04
visible,160,out2,2F81,21
visible,161,out1,2FB2,04
visible,161,out2,2FC4,21
visible,162,out1,2FF5,04
visible,162,out2,3007,21
visible,163,out1,3038,04
visible,163,out2,304A,21
visible,164,out1,307B,04
visible,164,out2,308D,21
visible,165,out1,30BE,04
visible,165,out2,30D0,21
visible,166,out1,3101,04
visible,166,out2,3113,21
visible,167,out1,3144,04
visible,167,out2,3156,21
visible,168,out1,3187,04
visible,168,out2,3199,21
visible,169,out1,31CA,04
visible,169,out2,31DC,21
visible,170,out1,320D,04
visible,170,out2,321F,21
visible,171,out1,3250,04
visible,171,out2,3262,21
visible,172,out1,3293,04
visible,172,out2,32A5,21
visible,173,out1,32D6,04
visible,173,out2,32E8,21
visible,174,out1,3319,04
visible,174,out2,332B,21
visible,175,out1,335C,04
visible,175,out2,336E,21
visible,176,out1,339F,04
visible,176,out2,33B1,21
visible,177,out1,33E2,04
visible,177,out2,33F4,21
visible,178,out1,3425,04
visible,178,out2,3437,21
visible,179,out1,3468,04
visible,179,out2,347A,21
visible,180,out1,34AB,04
visible,180,out2,34BD,21
visible,181,out1,34EE,04
visible,181,out2,3500,21
visible,182,out1,3531,04
visible,182,out2,3543,21
visible,183,out1,3574,04
visible,183,out2,3586,21
